data,Obitos_Publicacao_Min,Obitos_Publicacao_Max
2020-04-11,2.798360583464659,3.0620886242808503
2020-04-12,3.2151075510399694,3.4577931255793506
2020-04-13,2.8174273095202644,3.0620518653594804
2020-04-14,3.1458108975549797,3.4803762660587094
2020-04-15,3.085565029571992,3.4415606698000976
2020-04-16,3.7536142990800205,4.0987672213650805
2020-04-17,4.715812441015398,5.030680167473298
2020-04-18,5.0863570405631675,5.600989190367487
2020-04-19,5.868620228168049,6.2602376543228875
2020-04-20,5.994176295607467,6.524423652029977
2020-04-21,7.385165955152851,7.893537433752969
2020-04-22,8.356213189771944,9.016083812411942
2020-04-23,10.205055620659186,10.984388736019977
2020-04-24,11.596131217626688,12.37575743979791
2020-04-25,12.653218615402364,13.335533807555263
2020-04-26,13.823896165986005,14.729445779053087
2020-04-27,14.723357717742553,15.907080924598727
2020-04-28,16.231568242572585,17.213462513657948
2020-04-29,17.066406610960495,18.44797418632615
2020-04-30,18.911392306947086,20.59740910356537
2020-05-01,20.21561967611788,22.1651368203593
2020-05-02,22.266139323936297,23.94091942448668
2020-05-03,23.535617886010254,25.461884782021095
2020-05-04,24.537219809433914,26.522735494017745
2020-05-05,26.279713052317888,28.610666538666138
2020-05-06,28.078550393008268,30.54164424967509
2020-05-07,30.805425717685647,33.92550287522401
2020-05-08,33.55477113780277,36.111868367223
2020-05-09,38.44676713978167,41.91929034100421
2020-05-10,40.43566191339887,43.20333976265362
2020-05-11,42.742876866218296,45.75337084114708
2020-05-12,46.44860012410234,49.21113832726941
2020-05-13,48.65876358700447,51.745889134268545
2020-05-14,51.15387957503268,55.13272952966143
2020-05-15,55.298182508440824,58.42459462976164
2020-05-16,59.336913185486935,63.316769315994755
2020-05-17,61.214955616508455,65.34449797071669
2020-05-18,64.70321206893519,67.73386597436179
2020-05-19,67.63423926780872,71.40283248890998
2020-05-20,69.37150908595967,74.47347971939136
2020-05-21,74.51218082967128,77.89267059931244
2020-05-22,76.81057663184934,82.40597896256025
2020-05-23,79.74811878321971,84.63416645622506
2020-05-24,79.46205173789357,85.86595932030042
2020-05-25,81.27813262892056,87.27057515757971
2020-05-26,84.57981743798472,89.76040044395512
2020-05-27,85.61033625445182,90.17496062096521
2020-05-28,87.24242839009497,91.41865057542289
2020-05-29,85.44867846089026,91.64810562853486
2020-05-30,87.20902904114757,93.29204564414475
2020-05-31,84.62678122546897,88.57851185656283
2020-06-01,81.96180863303147,86.03071787876853
2020-06-02,81.55994784233431,87.05944838580193
2020-06-03,78.67428394875972,83.49501646680508
2020-06-04,79.61028973813362,83.81437122189712
2020-06-05,78.45374819153271,82.04775176730013
2020-06-06,77.25697478702847,81.71302763138802
2020-06-07,75.21890136498176,80.07415704480148
2020-06-08,73.80133052314628,78.32098932869384
2020-06-09,74.05041786830948,76.82450948094129
2020-06-10,71.52824154468861,74.36149448607752
2020-06-11,69.72798927093568,73.06894588056626
2020-06-12,67.84628642624601,70.46913332688852
2020-06-13,64.84601668163744,67.78778742184863
2020-06-14,62.53303364944026,65.52965816618706
2020-06-15,60.40388045287682,62.33935799090906
2020-06-16,57.43326720360161,59.378743094572734
2020-06-17,54.037197637320986,56.27448130372035
2020-06-18,52.3170745243086,53.85626896553851
2020-06-19,50.52371041037331,52.28530623655216
2020-06-20,49.361339964067945,50.55960897107098
2020-06-21,48.16703250650765,49.599192780639044
2020-06-22,46.67116891206579,48.272584892999284
2020-06-23,45.79747540551551,47.09244964376908
2020-06-24,43.50413064907946,44.975571062554174
2020-06-25,42.81020054423768,43.746842061453826
2020-06-26,41.60481032797699,42.50532390328665
2020-06-27,39.87477465640097,41.16308647896424
2020-06-28,38.227887246685405,39.08085209697165
2020-06-29,36.38485136521689,37.34975275810329
2020-06-30,35.71692470614536,36.58283743647245
2020-07-01,34.34091951487893,35.28262185900199
2020-07-02,34.06339679469645,34.83102362985717
2020-07-03,34.15327870924152,35.08268808158306
2020-07-04,34.19627953890038,34.7897835077381
2020-07-05,33.88891888723647,34.66104489173413
2020-07-06,33.246739837615614,33.910937172689266
2020-07-07,32.907471090103286,33.71320156748709
2020-07-08,32.05569342445517,32.747559692128995
2020-07-09,31.480251770386243,32.250515023408184
2020-07-10,30.648795687268496,31.561078780864776
2020-07-11,29.856784524212944,30.555306349093154
2020-07-12,28.474522752952666,29.188874336110374
2020-07-13,26.940224584353487,27.62262570424302
2020-07-14,26.557160097193346,27.29951362555276
2020-07-15,25.702551325497183,26.36342497199539
2020-07-16,25.62420558429459,26.229101334040855
2020-07-17,26.179490255514295,26.72882178223953
2020-07-18,25.991919205514847,26.769955107207352
2020-07-19,26.189551419868902,26.738281878819272
2020-07-20,26.095906707459164,26.705114825819948
2020-07-21,26.707954199552983,27.459097413838663
2020-07-22,26.634714896423976,27.34872622601828
2020-07-23,26.723338524470915,27.476453982661564
2020-07-24,26.83678917021154,27.48323444521758
2020-07-25,26.84206202779798,27.454258279796786
2020-07-26,26.091391508438413,26.80505626378614
2020-07-27,25.88637152389584,26.447704546053025
2020-07-28,26.049644813784194,26.87449526992227
2020-07-29,25.78135771751375,26.672011835247815
2020-07-30,25.87767977343322,26.658507407367182
2020-07-31,26.31350171355509,26.95384162435468
2020-08-01,25.99464269768577,26.596243322646387
2020-08-02,25.56908664370626,26.261392874208
2020-08-03,24.828529218048686,25.564097905689717
2020-08-04,24.989280513777867,25.80185243652274
2020-08-05,24.566819198627048,25.002914727164285
2020-08-06,24.168645438285054,24.901965180596743
2020-08-07,23.888805139141102,24.550723828650412
2020-08-08,23.106989009058587,23.706211796789127
2020-08-09,22.331122103312246,23.018018655968046
2020-08-10,21.88441366127631,22.43608121762123
2020-08-11,21.866503038664977,22.56663714956927
2020-08-12,21.421627244815394,21.845648498348137
2020-08-13,21.593052317586707,22.110528604750616
2020-08-14,22.102141775648807,22.68018109169772
2020-08-15,21.251706139757914,21.67053862326329
2020-08-16,20.776575952820398,21.372418362177317
2020-08-17,20.611667771249238,21.063660919765802
2020-08-18,20.828474656002097,21.293425503526375
2020-08-19,20.654837337977913,21.004124146580814
2020-08-20,21.074777278847865,21.494907905998506
2020-08-21,21.560792651497966,22.12451147736225
2020-08-22,20.98943755776454,21.564871408073763
2020-08-23,20.820015555816983,21.34615832127124
2020-08-24,20.484538709371286,20.986623909320134
2020-08-25,20.985455339972617,21.543653800731644
2020-08-26,20.189362110313194,20.6888146942845
2020-08-27,19.901835893401618,20.51794753158215
2020-08-28,19.91374887548105,20.372381341131693
2020-08-29,18.1197920357553,18.615512610471185
2020-08-30,17.62846548351671,18.228573663943024
2020-08-31,17.167880414575112,17.75351383892634
2020-09-01,17.780829791921448,18.25703583162973
2020-09-02,17.625844041385214,18.095254999979538
2020-09-03,17.815840794545817,18.183319123756796
2020-09-04,18.427770845438346,18.888157926542007
2020-09-05,17.120593278816465,17.51561634304108
2020-09-06,16.87326128508883,17.25818743139778
2020-09-07,16.10989256259374,16.560583892794597
2020-09-08,15.73978648450012,16.085116023185947
2020-09-09,14.345369554055353,14.712926532166252
2020-09-10,13.441769485301524,13.869847059907016
2020-09-11,13.376274500468554,13.667911919650882
2020-09-12,12.222822972714924,12.621654818303417
2020-09-13,11.937775118731693,12.31633157771271
2020-09-14,11.21365021802495,11.449751581269174
2020-09-15,11.65282040862522,12.060210833818552
2020-09-16,11.069034151552916,11.471806276774101
2020-09-17,11.097081524693314,11.394124452410157
2020-09-18,11.626373818344149,11.91317450776008
2020-09-19,10.852211681341842,11.251849245272906
2020-09-20,10.588846006877162,10.904940070886644
2020-09-21,9.929731009568524,10.271362126863007
2020-09-22,10.352549895631636,10.808992473872193
2020-09-23,9.968889980833199,10.415847506095103
2020-09-24,9.871660598840847,10.321115411615477
2020-09-25,10.227588933272044,10.530770572289022
2020-09-26,9.421000763231126,9.732723820763841
2020-09-27,9.2734863891817,9.575371944570332
2020-09-28,8.651945620314397,8.937005719296092
2020-09-29,9.08798223884158,9.374039870923676
2020-09-30,9.44808477016364,9.713945055507757
2020-10-01,9.330120536824321,9.640791346992758
2020-10-02,9.572878068034633,9.916717014592193
2020-10-03,9.614753371902335,9.977757940421426
2020-10-04,9.314803700843054,9.642618350158461
2020-10-05,8.90904706758644,9.164193995950402
2020-10-06,9.10164487450392,9.424388062695373
2020-10-07,9.224247180382015,9.51935275986722
2020-10-08,9.19599984246178,9.523664865910234
2020-10-09,9.50254224001416,9.82651550572192
2020-10-10,9.497245111807882,9.848455433142625
2020-10-11,9.409675630744335,9.691362070421317
2020-10-12,9.044702434585965,9.317975847363083
2020-10-13,9.126136442184423,9.478010122811616
2020-10-14,8.88252048940952,9.186525067289205
2020-10-15,8.359143053507472,8.71809268682865
2020-10-16,7.926755374175866,8.237129900885593
2020-10-17,7.147554884645433,7.47024150580842
2020-10-18,6.392473620161437,6.7344154549771025
2020-10-19,5.805172991997975,6.085095705206658
2020-10-20,5.71421079935379,5.997734866283371
2020-10-21,5.818756370734814,6.10281322563257
2020-10-22,5.747692547407804,5.982962803731326
2020-10-23,6.0596801623965675,6.316483107098662
2020-10-24,6.330920703528271,6.557374047252425
2020-10-25,6.414536302015593,6.742259627818495
2020-10-26,6.134352236526232,6.4718804157995224
2020-10-27,6.497282994096267,6.808788202098776
2020-10-28,6.978305100570498,7.262214337576343
2020-10-29,7.035507139951854,7.3309200181822805
2020-10-30,7.6318121561947265,7.883900251697353
2020-10-31,7.9248425844304435,8.26955232294426
2020-11-01,8.448708289594885,8.764911302006833
2020-11-02,8.488349773785227,8.741945200580943
2020-11-03,9.00601894549972,9.329900710003011
2020-11-04,9.83176725689687,10.104455070463988
2020-11-05,10.247981215884613,10.631212904835657
2020-11-06,10.57327691352524,10.841764796458081
2020-11-07,10.503175496283516,10.818488138053254
2020-11-08,10.29572713609134,10.644661375823876
2020-11-09,9.692688991316698,10.01179599646762
2020-11-10,9.128687686021394,9.44953574664063
2020-11-11,8.947141345387388,9.237670474867242
2020-11-12,8.67518375832358,8.97791367986868
2020-11-13,8.621830150029545,8.89985310191395
2020-11-14,8.244709340194861,8.493541164161456
2020-11-15,7.969417224798363,8.309529831551252
2020-11-16,7.502547354470693,7.817046801307974
2020-11-17,7.334309129046343,7.613216874518269
2020-11-18,7.442227757734643,7.778840151103547
2020-11-19,7.684842257335277,7.974752573215025
2020-11-20,8.148384488768066,8.411293006613326
2020-11-21,8.324210561251384,8.697997463146825
2020-11-22,8.726399285533692,9.035305914009374
2020-11-23,8.616696293349541,8.855343616560274
2020-11-24,8.772100665407612,9.09359361668131
2020-11-25,9.110519060177893,9.487055194862968
2020-11-26,9.192958619075238,9.467964578184828
2020-11-27,9.248337879909599,9.6280301039031
2020-11-28,9.33675303927805,9.607151177599224
2020-11-29,9.186761436391551,9.479753130488405
2020-11-30,8.916367500466263,9.20087098404994
2020-12-01,8.840867495308265,9.116675194555338
2020-12-02,9.112659910210935,9.347580030251988
2020-12-03,9.212196613503457,9.532428336779823
2020-12-04,9.528444442755413,9.92190401797828
2020-12-05,9.657985100169496,9.921004304511513
2020-12-06,9.683747034903027,9.963794260364875
2020-12-07,9.623789822558894,9.88596425286765
2020-12-08,9.730929738681114,10.04043757083289
2020-12-09,10.382640406686265,10.595549679264272
2020-12-10,10.469198046743877,10.7518913720727
2020-12-11,10.935425767806606,11.329961335258515
2020-12-12,10.94172534136621,11.26580361539292
2020-12-13,11.063285438622826,11.40637877160771
2020-12-14,11.031734839876725,11.341277376774295
2020-12-15,11.164376326597473,11.439504723879006
2020-12-16,11.860128205065378,12.249964719122643
2020-12-17,11.862953236425204,12.138851012575799
2020-12-18,12.389327975616188,12.832130478421167
2020-12-19,12.61760597689358,12.9726079483685
2020-12-20,12.64898426089249,12.974207327235796
2020-12-21,12.65026823491834,13.051066818547236
2020-12-22,12.986739117716628,13.303048033480096
2020-12-23,13.746682337007979,14.15919235158967
2020-12-24,13.673648645537364,14.027936941030461
2020-12-25,14.170257772679072,14.675868988884703
2020-12-26,14.296930746421273,14.620489636412668
2020-12-27,14.307110080403255,14.655821688927047
2020-12-28,14.045723758088494,14.489057988166387
2020-12-29,14.01573063402373,14.416543449887065
2020-12-30,14.653099051723935,15.031729042619276
2020-12-31,14.194468405724216,14.497084189574965
2021-01-01,14.372049141021849,14.736535131922556
2021-01-02,13.982931385128223,14.38869568106515
2021-01-03,13.707082804991424,13.971903503910127
2021-01-04,13.120195524941508,13.5393292567784
2021-01-05,12.851562899979212,13.131442818021265
2021-01-06,13.334004004111627,13.667607225350134
2021-01-07,12.999156528723978,13.334504218003712
2021-01-08,14.455954098149773,14.757941907278012
2021-01-09,15.018586951970258,15.412675069607458
2021-01-10,15.561367601622056,15.868402224293414
2021-01-11,16.03009008648436,16.4301455627788
2021-01-12,16.693780502510624,17.00109389154812
2021-01-13,17.05830142360028,17.47130340904306
2021-01-14,17.962983934224944,18.25435912883338
2021-01-15,18.292720605393708,18.750091505139856
2021-01-16,18.252754100047238,18.652722583513732
2021-01-17,18.98605241542877,19.27714682469814
2021-01-18,18.695157764519486,19.062791192569453
2021-01-19,18.684617884930645,19.10351385732465
2021-01-20,18.87914656365752,19.248554938378653
2021-01-21,19.096430329657345,19.486335345670263
2021-01-22,18.641202521460787,19.090771992724104
2021-01-23,18.789549673674664,19.240745099157536
2021-01-24,18.78647725451379,19.188740871374055
2021-01-25,19.835668930191765,20.424140866237384
2021-01-26,20.27578230973467,20.645931139124
2021-01-27,20.593984801736752,20.966610503899947
2021-01-28,21.22610034842452,21.777118851211746
2021-01-29,22.55742022153511,23.070806004074438
2021-01-30,22.56021713431066,23.133920235370653
2021-01-31,24.39230160549647,25.046303002315913
2021-02-01,25.87867182764688,26.703505721463312
2021-02-02,27.30054181711027,27.89999108657542
2021-02-03,28.642561196165154,29.208938259355044
2021-02-04,31.85155266064526,32.45923094062166
2021-02-05,34.90318048813884,35.57041275107031
2021-02-06,37.66866934986609,38.247923700748565
2021-02-07,38.755787192831356,39.68661279835865
2021-02-08,40.06210205628187,40.826447210535484
2021-02-09,41.39869532162649,42.320419601258415
2021-02-10,40.54911170543256,41.38819041715006
2021-02-11,41.13970551550818,42.093995976738725
2021-02-12,41.90181056784445,42.62270120805488
2021-02-13,41.25534451299194,42.28901359920601
2021-02-14,40.91042988711285,41.745942565823455
2021-02-15,41.415796265015516,42.3480101633398
2021-02-16,41.73470332493363,42.691618670873005
2021-02-17,40.25992523600443,40.963806862994176
2021-02-18,41.21015860339578,41.88488077693621
2021-02-19,41.64527507105891,42.665268799524576
2021-02-20,41.73635652437947,42.54228955859321
2021-02-21,41.62087082479947,42.30635104498674
2021-02-22,42.38447660401839,43.2499509479904
2021-02-23,43.2460940183214,44.15696866394642
2021-02-24,42.058223503170446,43.17670366837135
2021-02-25,42.63359530462654,43.32122377510131
2021-02-26,42.98301742595745,43.80493599861913
2021-02-27,42.69462958399806,43.59067189055413
2021-02-28,41.98253093535323,42.83004037646185
2021-03-01,42.49930776317549,43.243694134161956
2021-03-02,43.27461462731507,44.19128447553249
2021-03-03,42.08367990897678,42.82230868810944
2021-03-04,43.0070388100238,43.94084818303607
2021-03-05,44.09656574993828,44.95651871317965
2021-03-06,43.9823650946533,44.79347158359569
2021-03-07,44.01037368456412,45.17824919078214
2021-03-08,45.4591505730461,46.33387564878861
2021-03-09,47.06120119074126,48.12062918864188
2021-03-10,47.254167797676565,48.01352715901085
2021-03-11,49.02198872447191,50.195454206461136
2021-03-12,50.42285026860202,51.22533043033585
2021-03-13,51.03986760087896,52.38916340362388
2021-03-14,51.271916199515886,52.54728990529496
2021-03-15,52.29970403793463,53.28539308520728
2021-03-16,53.82189385530429,54.959661635839815
2021-03-17,53.587882499109334,54.937007214025485
2021-03-18,55.38544824813048,56.797500872999606
2021-03-19,55.77615040041362,57.470192416642135
2021-03-20,57.04708706706101,59.17894429450521
2021-03-21,57.24845198517325,58.939931617130156
2021-03-22,58.05273974543427,60.08436581985667
2021-03-23,60.112669268205515,62.140667210202736
2021-03-24,60.9568247170488,63.42218187424687
2021-03-25,62.09140701183215,64.48777506337359
2021-03-26,63.709292818610535,65.6834738848415
2021-03-27,65.19169488360535,67.63221617048944
2021-03-28,65.37563077501366,68.51037224273759
2021-03-29,66.91828510788143,69.34742868133515
2021-03-30,68.89936562030928,70.92605085573628
2021-03-31,68.40408655723964,71.79242464944579
2021-04-01,69.6388617187432,72.54354034685313
2021-04-02,69.39626457387868,73.1042638133492
2021-04-03,71.00458514172146,73.96052068085275
2021-04-04,71.8151288472073,75.26366170433285
2021-04-05,72.32565651317664,75.46730500816493
2021-04-06,74.13088031691201,76.64796193849303
2021-04-07,73.24803706933623,76.4745624194038
2021-04-08,73.58248028500782,77.2789715062009
2021-04-09,73.19360919358562,75.62521288599784
2021-04-10,73.32909755341615,76.45361122412338
2021-04-11,72.67775293237094,75.33515615620634
2021-04-12,71.48454428067298,75.00978110235181
2021-04-13,72.76604380283455,75.46272965908653
2021-04-14,71.56239124055409,74.05713624147107
2021-04-15,72.31986615035999,74.44525199087646
2021-04-16,72.04412847310283,73.7115183804668
2021-04-17,72.48152336673213,74.51596338896701
2021-04-18,72.07640549864455,74.2237553040771
2021-04-19,71.55622524066473,73.2040080998575
2021-04-20,70.44583473895436,71.87808693967573
2021-04-21,68.62970836873627,69.94035416891744
2021-04-22,67.772592528693,69.24509278666952
2021-04-23,66.5647305592312,68.02176138121212
2021-04-24,66.25956536829182,67.88376885855288
2021-04-25,65.54244142978432,66.82824166919018
2021-04-26,64.65467340405205,66.48733030651788
2021-04-27,64.1592680636386,65.36318702198501
2021-04-28,62.57409228682579,63.80898404712819
2021-04-29,62.065916310564155,63.85935196002266
2021-04-30,61.12178154782362,62.59661802618599
2021-05-01,60.0223982685872,61.13311670260886
2021-05-02,58.7995687105959,59.795416675900086
2021-05-03,57.02606858006279,58.03100644215104
2021-05-04,55.75107519698888,56.69826165319052
2021-05-05,52.98328856094087,54.3779226518658
2021-05-06,53.120043754080584,54.13476343237734
2021-05-07,52.856041016752876,53.98111646981759
2021-05-08,51.52632836191178,52.46063255965584
2021-05-09,50.01116701381551,51.23264171013968
2021-05-10,48.69990736313011,49.650547525546585
2021-05-11,47.8399855074859,48.73953967051137
2021-05-12,45.33984231086494,46.54368309553992
2021-05-13,44.76660715810262,46.09893215256183
2021-05-14,44.195985677894484,44.97453439720065
2021-05-15,43.01416701851188,43.833730902307096
2021-05-16,41.878825049186446,42.70339144220882
2021-05-17,41.036498326112394,42.12636729974082
2021-05-18,41.03747595109461,41.98897572378366
2021-05-19,40.06365019383852,40.80252569102777
2021-05-20,39.78368475983673,40.46942209524236
2021-05-21,39.58960031936433,40.42698039204217
2021-05-22,39.48366733569904,40.27695304873739
2021-05-23,38.6802706182338,39.58215067223705
2021-05-24,38.70575068656969,39.60937468458762
2021-05-25,38.927987874330036,39.655767685921965
2021-05-26,38.11797451970047,38.76448159462043
2021-05-27,38.052408703784955,38.61189299888667
2021-05-28,37.92644075726878,38.72327977040584
2021-05-29,37.21109775981997,38.175556382455454
2021-05-30,36.2585161045785,36.85801912103795
2021-05-31,35.484646260300536,36.16586553702862
2021-06-01,35.487134015062054,36.15616076714551
2021-06-02,34.20610342310241,34.96812320024372
2021-06-03,33.39938663678028,33.89376061723654
2021-06-04,32.38898369399338,33.006391808109626
2021-06-05,31.23087915041964,31.930102097931094
2021-06-06,30.045474052238227,30.734259736582885
2021-06-07,29.059316516616953,29.678817254407544
2021-06-08,29.352009168006468,29.925537926409017
2021-06-09,28.50110632693254,29.072236716327005
2021-06-10,28.59937034878939,29.12331874952983
2021-06-11,28.85489791867491,29.38203297408169
2021-06-12,28.68079121382187,29.410377021441683
2021-06-13,28.45280045194728,28.98192512971885
2021-06-14,28.557691841837368,29.138020275122987
2021-06-15,29.43631625964105,30.000314973588246
2021-06-16,28.994435976024782,29.564362305763854
2021-06-17,29.433471991775722,29.97382922820578
2021-06-18,29.797169144561373,30.381017217427882
2021-06-19,29.800571693225606,30.36272298778129
2021-06-20,29.193240532685248,29.76088861686425
2021-06-21,29.711261726742453,30.20084800046536
2021-06-22,30.864956588486457,31.287376860995085
2021-06-23,30.497569404929898,31.06400274672335
2021-06-24,31.090734255203234,31.673902950796627
2021-06-25,31.37302291982202,31.890565984568816
2021-06-26,31.104118802626612,31.622751846193236
2021-06-27,30.205323840937822,30.857703290814314
2021-06-28,30.254489636969364,30.743987154542832
2021-06-29,30.661483679814673,31.21443086501385
2021-06-30,29.272973444327626,29.916782648285015
2021-07-01,28.683298916314993,29.394769975126508
2021-07-02,27.67155544834744,28.28244712754539
2021-07-03,26.177978330280514,26.732897216558765
2021-07-04,25.19380006287973,25.680499647659015
2021-07-05,24.74672317148549,25.385324572109806
2021-07-06,25.215201926665483,25.67317088202966
2021-07-07,24.448975247621927,24.845174739538038
2021-07-08,24.861206004328007,25.27241233548882
2021-07-09,24.831200752156715,25.34525740277122
2021-07-10,23.329811071015044,23.696434580016806
2021-07-11,22.72378199610678,23.112549890809333
2021-07-12,22.237245522964848,22.767693140516496
2021-07-13,21.648981901843243,22.07352100535681
2021-07-14,20.540546564325172,20.953093639045534
2021-07-15,20.14291475145252,20.641057566702276
2021-07-16,20.270053564671137,20.660036928748678
2021-07-17,18.880692031107237,19.235012925591278
2021-07-18,18.35208599974479,18.724733230701712
2021-07-19,18.057560009098307,18.42201248300373
2021-07-20,17.427929934720467,17.77355270991028
2021-07-21,16.34435220244275,16.64177685461717
2021-07-22,16.115055991196005,16.45942142645848
2021-07-23,15.803872783861925,16.20881166673868
2021-07-24,14.143102468787829,14.458218797932737
2021-07-25,14.027391759511373,14.343440013556416
2021-07-26,13.476149713564974,13.849587897781452
2021-07-27,13.156835458196143,13.518795347978273
2021-07-28,13.262538602244753,13.621394717532409
2021-07-29,13.335476272710979,13.567245183541141
2021-07-30,13.452891855569034,13.684677917312866
2021-07-31,12.94365218244308,13.232722042205593
2021-08-01,12.861628645363739,13.142702846251094
2021-08-02,12.660732984521433,12.946087862429176
2021-08-03,12.38975115707222,12.723504490076767
2021-08-04,12.451796332874888,12.739016433643272
2021-08-05,12.265006994877137,12.577597048720284
2021-08-06,11.950320085479643,12.300712159411031
2021-08-07,11.752307322872374,12.173219209664156
2021-08-08,11.62979801842857,11.929927781293966
2021-08-09,11.419897454148991,11.674668868869984
2021-08-10,11.15170351331717,11.419745766244429
2021-08-11,11.167448935490262,11.47588644540426
2021-08-12,11.068882879428102,11.362853686823822
2021-08-13,10.93483088929587,11.227651978222859
2021-08-14,10.816268280526566,11.10013254273564
2021-08-15,10.895594894799206,11.136656780158951
2021-08-16,10.993023842088439,11.247250527182965
2021-08-17,10.942804162371846,11.225050572353542
2021-08-18,10.93242525601115,11.183512719498799
2021-08-19,10.817736685643501,11.111273870163107
2021-08-20,10.691282116168043,10.952047394417336
2021-08-21,10.507947781333101,10.764828181565132
2021-08-22,10.551319900932427,10.800413952416235
2021-08-23,10.545061447034122,10.818287423226803
2021-08-24,10.422045204314966,10.688179332257805
2021-08-25,10.413807026642171,10.658505768869325
2021-08-26,10.264888041630758,10.555317262353395
2021-08-27,10.169144333430692,10.46860683819608
2021-08-28,10.036939703800694,10.24867219213616
2021-08-29,10.034359706873175,10.306972662196467
2021-08-30,9.899887283949138,10.24125647907404
2021-08-31,9.810992507830782,10.093037370240612
2021-09-01,9.891947687589095,10.126038961892213
2021-09-02,9.956477563684919,10.220516150854515
2021-09-03,9.816665005763067,10.067320315490921
2021-09-04,9.621139836207783,9.829772742127584
2021-09-05,9.590955807910001,9.831428873284528
2021-09-06,9.39595461323584,9.65348114669139
2021-09-07,9.125709349685392,9.379447732108655
2021-09-08,8.880434910549477,9.130778381533174
2021-09-09,8.821973899637657,9.012454866158986
2021-09-10,8.499616727295297,8.709403272838044
2021-09-11,8.172332336581432,8.46679281094296
2021-09-12,8.151176692472077,8.409333295236108
2021-09-13,7.919181885182071,8.180930172907441
2021-09-14,7.607350124195382,7.864491113923811
2021-09-15,7.411527974363501,7.668270493357839
2021-09-16,7.483939016738752,7.723028833388152
2021-09-17,7.137269441567887,7.384395258375509
2021-09-18,6.939354734999463,7.159051177780413
2021-09-19,6.912202134426881,7.186334996877177
2021-09-20,6.810311302139037,7.029773463204687
2021-09-21,6.733709027044046,6.952419924142128
2021-09-22,6.777228478851876,7.02125326831957
2021-09-23,6.906823284393332,7.161739334664348
2021-09-24,6.874150708068665,7.131514348294277
2021-09-25,6.792388671068537,6.995807162257097
2021-09-26,6.7926285472236,7.010438917023604
2021-09-27,6.866871481733733,7.064953259055896
2021-09-28,6.813241180098674,7.10646221693586
2021-09-29,6.888759189191234,7.146690119625964
2021-09-30,7.1320350294697334,7.323327096188162
2021-10-01,7.01094083793618,7.234979953769915
2021-10-02,6.79395007251188,7.075595280367234
2021-10-03,7.0263185341967445,7.265552979998533
2021-10-04,6.976977819532997,7.274142934974842
2021-10-05,6.800617397255474,7.03446608767924
2021-10-06,6.69244674374392,6.898239156743149
2021-10-07,6.667718006478044,6.915201635973058
2021-10-08,6.566792716303109,6.785426694040892
2021-10-09,6.3027105156885375,6.535375971845978
2021-10-10,6.322648374342987,6.567339859049273
2021-10-11,6.189452619607634,6.457893439203662
2021-10-12,6.12989818657729,6.351993842687649
2021-10-13,5.975324540103099,6.271032514465565
2021-10-14,6.046712726923465,6.2461840626287675
2021-10-15,5.954195467659068,6.222887267633724
2021-10-16,5.719003450580228,5.912907981747083
2021-10-17,5.685607048718865,5.913275853033182
2021-10-18,5.8024712533028,6.049341979275397
2021-10-19,5.878762509863589,6.1347847416548715
2021-10-20,5.7601925187541,5.963520588111873
2021-10-21,5.946469086785995,6.153286968090009
2021-10-22,5.980176199398917,6.221715390434703
2021-10-23,5.796798551047231,6.064389877663351
2021-10-24,5.904705994528151,6.1292990468549
2021-10-25,5.952722954887861,6.268170452017062
2021-10-26,6.088271611126212,6.311251007909876
2021-10-27,5.929131218908808,6.168505448595979
2021-10-28,6.123607973495158,6.372922597590623
2021-10-29,6.038293322075287,6.303477543872002
2021-10-30,5.861857639147002,6.136914033995101
2021-10-31,5.84325205655335,6.0565147137308974
2021-11-01,5.977347160054232,6.230129486084712
2021-11-02,6.115002930035043,6.329712879756901
2021-11-03,5.835025158367201,6.0523704481345995
2021-11-04,5.962546069950765,6.204567396864406
2021-11-05,5.835849851196524,6.0454850759850975
2021-11-06,5.518162055154427,5.715461547752854
2021-11-07,5.3745329559306825,5.586241110376612
2021-11-08,5.37093907364825,5.604607269620805
2021-11-09,5.330117747185482,5.573976689589335
2021-11-10,4.976607089996358,5.21658887722765
2021-11-11,5.008130968284761,5.23618483180874
2021-11-12,4.978748126322563,5.192047577847318
2021-11-13,4.870804188292211,5.093259680860174
2021-11-14,4.829767875962551,5.019307006577298
2021-11-15,4.985768185773633,5.237834268152574
2021-11-16,5.425068793041788,5.643626158071021
2021-11-17,5.355885546359204,5.604608930938438
2021-11-18,5.687802205708671,5.951810198051545
2021-11-19,5.696304119221186,6.00339875858352
2021-11-20,5.810606123641281,6.064382035829311
2021-11-21,5.788863404086211,6.06302176228221
2021-11-22,6.347405197065009,6.537854184179422
2021-11-23,6.781073969636466,7.042419043265307
2021-11-24,6.766329819677435,7.059750323579627
2021-11-25,7.014942541199613,7.2640962591179905
2021-11-26,6.975869672655396,7.255396329190954
2021-11-27,6.994265247917297,7.21947240683883
2021-11-28,6.9264687476834235,7.127143898373353
2021-11-29,7.3855777624373005,7.617394126536913
2021-11-30,7.795880738471261,8.019978132470934
2021-12-01,7.744386912330512,7.989093926318224
2021-12-02,7.90041307108534,8.20668390340683
2021-12-03,8.019445956399304,8.304656631581578
2021-12-04,8.004783563309418,8.255470736705375
2021-12-05,7.957466515326233,8.179250110163684
2021-12-06,8.333644639752483,8.565566937719089
2021-12-07,8.448119701980401,8.76325432546518
2021-12-08,8.557131693790382,8.849822772934521
2021-12-09,8.732211516766062,9.04978447978189
2021-12-10,8.678913293538299,8.987021688967465
2021-12-11,8.654200679603068,8.935533962846483
2021-12-12,8.50167735559898,8.75377072407739
2021-12-13,8.749328018892017,8.975975258034742
2021-12-14,8.788585201119096,9.059686538587524
2021-12-15,8.853390453956608,9.128224802667026
2021-12-16,8.99744035136897,9.277012668709707
2021-12-17,8.959104685952456,9.236190929317042
2021-12-18,8.971625304496177,9.263693328195497
2021-12-19,8.78745639021331,9.104423781237566
2021-12-20,8.988206392039501,9.288828391284468
2021-12-21,9.10562954289076,9.409504839255574
2021-12-22,9.33758748211084,9.59454475541403
2021-12-23,9.315346491442092,9.788342253669613
2021-12-24,9.306454717353514,9.61085143655824
2021-12-25,9.186023927923033,9.4500523816892
2021-12-26,8.798588896253884,9.11563930110807
2021-12-27,8.92291684235799,9.180186161768907
2021-12-28,8.947821550141573,9.248628333549759
2021-12-29,9.031196939948194,9.315506444537249
2021-12-30,9.059473698322606,9.284609530192615
2021-12-31,8.713384914267216,8.982520941795768
2022-01-01,8.351576497045714,8.635718384451284
2022-01-02,8.014297293873074,8.226225316063445
2022-01-03,7.954280171915939,8.196089945010241
2022-01-04,7.653669576318903,7.946022462812347
2022-01-05,7.486360057681277,7.817222791509088
2022-01-06,7.16348054125624,7.53439849348977
2022-01-07,6.627994076621611,6.874821379947553
2022-01-08,6.971629904724029,7.1990305584726295
2022-01-09,7.394031587901809,7.654924336090284
2022-01-10,8.198335301259343,8.442520911532142
2022-01-11,8.505435574640888,8.760155721056346
2022-01-12,8.549206718670556,8.85673552680746
2022-01-13,9.059743347919591,9.303336429270896
2022-01-14,9.66058508219262,9.872525358844236
2022-01-15,9.476786387283124,9.74930972875459
2022-01-16,9.283981093065625,9.558568087439069
2022-01-17,9.907305297501896,10.141241192499457
2022-01-18,9.762434937974627,10.045230059269965
2022-01-19,9.726164536236796,9.996521200943002
2022-01-20,10.068438152468623,10.465812429339165
2022-01-21,10.259936538222984,10.585645658620255
2022-01-22,9.622926619422005,9.8484734504048
2022-01-23,9.635854212650436,9.91733920443945
2022-01-24,9.54273049291919,9.931759938269591
2022-01-25,10.61246587370553,10.91168013789197
2022-01-26,11.445017258096952,11.86833888163514
2022-01-27,12.764452347563422,13.0584979416611
2022-01-28,14.24899967069643,14.68387342144706
2022-01-29,16.478579475468816,16.89348890456972
2022-01-30,19.3393870559158,20.019833018031843
2022-01-31,20.916025504289575,21.596360003706096
2022-02-01,24.409257423141174,25.176052917888327
2022-02-02,26.516095535826274,27.371006051662153
2022-02-03,31.047305040759607,31.93135159143444
2022-02-04,33.72442356328928,34.66991737013821
2022-02-05,37.44872868416219,38.55539522147803
2022-02-06,42.363693480816345,43.74509352153313
2022-02-07,44.13209789882403,45.316280692266325
2022-02-08,46.69326629193672,47.8097968865851
2022-02-09,47.52171599555872,48.7330665433894
2022-02-10,49.681839255710045,51.079399519978416
2022-02-11,50.40357591140963,51.37810374407316
2022-02-12,50.02783939135821,50.81552293214003
2022-02-13,48.59554501388965,49.772613667765356
2022-02-14,47.762659143567504,48.8627167577533
2022-02-15,47.623210532129406,49.049396639335946
2022-02-16,45.96342397513503,46.95762931586313
2022-02-17,46.08579395777986,47.096764315702366
2022-02-18,45.93832628742896,47.045209789116385
2022-02-19,45.01895253430002,46.18355037800353
2022-02-20,44.257709001046294,45.08893165030054
2022-02-21,43.593529190762766,44.34310273804032
2022-02-22,43.571518752181596,44.43913530512801
2022-02-23,41.95890827934087,43.0028940421961
2022-02-24,41.23813988303306,42.18769607568142
2022-02-25,40.11872401526948,40.71666051149034
2022-02-26,38.65421518335034,39.32799128929479
2022-02-27,36.549060118499185,37.34830705787901
2022-02-28,35.38831555649294,36.13737705475269
2022-03-01,34.394113078569866,35.085075618924364
2022-03-02,31.69450282420429,32.34652906519235
2022-03-03,29.99106418887718,30.70757159371486
2022-03-04,28.60677711371875,29.301904379613006
2022-03-05,27.003745751104415,27.71159517761349
2022-03-06,24.786582152530716,25.44219862417123
2022-03-07,23.38664075067222,23.88060229632348
2022-03-08,22.217084479958253,22.838306926210283
2022-03-09,20.21904516154797,20.549523003090744
2022-03-10,19.26430613707387,19.657659356941274
2022-03-11,17.92366268742271,18.291967470914713
2022-03-12,15.866520281780366,16.28486102959632
2022-03-13,13.898539007361034,14.258795153504506
2022-03-14,13.024061147481733,13.412853975536114
2022-03-15,12.47834773070634,12.847455211704
2022-03-16,11.644450737402067,11.976975277258292
2022-03-17,11.911372248415546,12.171156270982523
2022-03-18,12.047194274900857,12.313957970636586
2022-03-19,11.668846041002103,11.93568555367991
2022-03-20,11.127620770555442,11.366811986250385
2022-03-21,11.125591970400952,11.385823419626101
2022-03-22,11.338527107603474,11.668636425028508
2022-03-23,11.078729427306396,11.40835795516508
2022-03-24,11.797110568804866,12.099626479592503
2022-03-25,11.976481911456153,12.274623695404262
2022-03-26,11.180548347003771,11.397805507572672
2022-03-27,10.705617122033674,10.987727880389492
2022-03-28,10.347889657412365,10.527049842173009
2022-03-29,9.344769684910636,9.632081437966859
2022-03-30,8.17564067429686,8.455995964190821
2022-03-31,7.3930681585814995,7.6197413596311865
2022-04-01,6.970395291320501,7.149807913127721
2022-04-02,6.953300343665763,7.200109357777778
2022-04-03,6.535913673886266,6.8173254351805
2022-04-04,6.488551202005757,6.658894281475475
2022-04-05,6.1722507500705746,6.429158489745532
2022-04-06,6.22751919626794,6.446586956808636
2022-04-07,6.146030030874505,6.412556736989627
2022-04-08,5.8044021440099955,6.021363298235503
2022-04-09,5.551985790285261,5.767088494978673
2022-04-10,5.135515119369484,5.383824926198873
2022-04-11,4.852629900106726,5.1172854765975115
2022-04-12,4.626018926089486,4.850894128101709
2022-04-13,4.5827707868383145,4.757243664300194
2022-04-14,4.689961442522543,4.910282153317113
2022-04-15,4.620796824437697,4.811189710367331
2022-04-16,4.551833464261309,4.770483023577076
2022-04-17,4.535233477708228,4.706495006297577
2022-04-18,4.510369844438451,4.710564260613377
2022-04-19,4.403513029596047,4.6772007122039305
2022-04-20,4.376869333654131,4.604761363516901
2022-04-21,4.548317031207224,4.768551249050912
2022-04-22,4.5361874423960575,4.732966831534084
2022-04-23,4.516988676794601,4.728581244211162
2022-04-24,4.479085887582018,4.6943757392742285
2022-04-25,4.404647186176697,4.579369339432578
2022-04-26,4.283249301609661,4.462390218754008
2022-04-27,4.229984643128256,4.477588580591805
2022-04-28,4.4234430045873445,4.6088540563130325
2022-04-29,4.5422436178138295,4.74035868824669
2022-04-30,4.508918633418894,4.737224891493824
2022-05-01,4.5416907353506,4.78555013812472
2022-05-02,4.585068440102444,4.770035103505075
2022-05-03,4.616101791795913,4.765897069961299
2022-05-04,4.510782343697716,4.717912628607483
2022-05-05,4.5790109695437495,4.808606028533754
2022-05-06,4.671745119209598,4.945792182374563
2022-05-07,4.682575667155767,4.9192364367605705
2022-05-08,4.739918262137835,4.975423275322182
2022-05-09,4.728380745147759,4.9597724290996785
2022-05-10,4.730809074201233,5.034581014812667
2022-05-11,4.759810323876718,4.969042519564226
2022-05-12,4.800036862646763,4.964353177536661
2022-05-13,4.742556719017727,4.985307678597797
2022-05-14,4.609410313931782,4.908850577884148
2022-05-15,4.678089592283648,4.908145718302661
2022-05-16,4.652277090835308,4.850780147061263
2022-05-17,4.650791019505783,4.849176349423624
2022-05-18,4.522465533526327,4.797741398323559
2022-05-19,4.593922245043516,4.782487836617558
2022-05-20,4.491772618146303,4.728449608460575
2022-05-21,4.403484385338748,4.581598322465808
2022-05-22,4.451802643209803,4.665611979174327
2022-05-23,4.345308410133718,4.570644055714991
2022-05-24,4.425486113158103,4.646612242269271
2022-05-25,4.286461728247158,4.468033541637808
2022-05-26,4.219107454824389,4.54268588666267
2022-05-27,4.192759394647934,4.378961523926654
2022-05-28,4.183941485469698,4.402918344325726
2022-05-29,4.182909829720321,4.38829001516871
2022-05-30,4.077625381737839,4.274586891684494
2022-05-31,4.152145859050279,4.404946646506745
2022-06-01,4.087508117960019,4.2902489865002424
2022-06-02,4.153595086226652,4.368015205134057
2022-06-03,4.047372743616678,4.2671635206444405
2022-06-04,4.076540524124024,4.257310196070982
2022-06-05,4.095171806897019,4.286949723785777
2022-06-06,3.862051528868952,4.061222337532817
2022-06-07,3.894300546852978,4.0783228796879625
2022-06-08,3.687345475225873,3.8604326709739083
2022-06-09,3.5727836125091614,3.7822946874445997
2022-06-10,3.353749806240196,3.5513197141227537
2022-06-11,3.435075651243504,3.5985478929246244
2022-06-12,3.483445280753204,3.6465352880180304
2022-06-13,3.2836590855151466,3.506213872332424
2022-06-14,3.456763321860191,3.6200740023164015
2022-06-15,3.46809098105294,3.6782861341031916
2022-06-16,3.5894307157088474,3.7852405464339767
2022-06-17,3.519500102443752,3.8023764674421097
2022-06-18,3.6678987847614857,3.8398247466442355
2022-06-19,3.694212259078212,3.942207375646224
2022-06-20,3.7548215939272147,3.9249529212480962
2022-06-21,3.9334250542370817,4.152018159627582
2022-06-22,4.057051531540887,4.264700082581764
2022-06-23,4.083632569273355,4.301692371533743
2022-06-24,4.026804112128871,4.236405350408027
2022-06-25,4.024522479148885,4.275176653556349
2022-06-26,4.04156230463996,4.2397103428554805
2022-06-27,3.9362939982034355,4.148422841701534
2022-06-28,4.036529856852863,4.232282060659027
2022-06-29,3.9548662997138737,4.1951540449762525
2022-06-30,3.98300583118357,4.193306968419552
2022-07-01,3.8765780241107146,4.115654515492132
2022-07-02,4.013094518336323,4.216678054972247
2022-07-03,4.139014147326291,4.33185518862664
2022-07-04,4.219898997568631,4.442103302507902
2022-07-05,4.5366548019471,4.769877291190994
2022-07-06,4.600446983235025,4.803214770036628
2022-07-07,4.7662219535796755,5.061946331455036
2022-07-08,4.863970035181121,5.096504967530146
2022-07-09,5.146472273906142,5.42096834997986
2022-07-10,5.306083068259227,5.682941999374872
2022-07-11,5.632559116084304,5.863157475994129
2022-07-12,6.177458887815669,6.460141217402788
2022-07-13,6.4741630525746805,6.702778305344791
2022-07-14,6.928155986123956,7.177300557313884
2022-07-15,7.171376791278921,7.415255512505264
2022-07-16,7.716360812260678,7.932604752166609
2022-07-17,7.758757093012362,8.008411392545721
2022-07-18,8.288252203812851,8.599494716781972
2022-07-19,8.874811367784918,9.124652810384307
2022-07-20,9.177568270336524,9.473088257516075
2022-07-21,9.788560054958426,10.118107095267566
2022-07-22,10.467661625062727,10.775461504293055
2022-07-23,10.918589274647397,11.248725122812916
2022-07-24,11.044049912877242,11.325326028566646
2022-07-25,11.274829083768166,11.755882595556246
2022-07-26,11.51978035064388,11.882773039268109
2022-07-27,11.835009149634233,12.190728773854469
2022-07-28,12.267306565699558,12.722520072542043
2022-07-29,12.43568037509951,12.746875435522009
2022-07-30,12.454184737611389,12.91825128826098
2022-07-31,12.36125713539993,12.71388478293776
2022-08-01,12.273423507431499,12.624513670581466
2022-08-02,12.298276087341781,12.675020145889155
2022-08-03,12.058384486727327,12.418491341278699
2022-08-04,11.846859115864142,12.13585370351307
2022-08-05,11.414280355014274,11.782497589718188
2022-08-06,11.131567131131009,11.413209455095775
2022-08-07,10.728021893095656,11.092338063050413
2022-08-08,10.429934344647952,10.747202497424325
2022-08-09,10.124317021792963,10.417807200394105
2022-08-10,9.75938527074469,10.059531957434318
2022-08-11,9.39269165485227,9.723745817257418
2022-08-12,8.8891044143182,9.261023207299267
2022-08-13,8.592744059922575,8.891151505085581
2022-08-14,8.036768303201793,8.374380213467147
2022-08-15,7.681167868930833,7.9214358988396665
2022-08-16,7.443457267859474,7.794526660127489
2022-08-17,7.215766135565577,7.522822816122877
2022-08-18,7.071187692572887,7.296888265857466
2022-08-19,6.749565176662882,7.092523981535768
2022-08-20,6.480688293785877,6.764333205862191
2022-08-21,6.166211004332191,6.407217181493548
2022-08-22,5.872257424808655,6.118313154516806
2022-08-23,5.666111966719778,5.948907941425076
2022-08-24,5.522289971405253,5.820246365106595
2022-08-25,5.241087438175367,5.494989033302698
2022-08-26,4.960151983678151,5.274218354344789
2022-08-27,4.6871689671102885,4.9406793551661865
2022-08-28,4.527702706155397,4.708323017564656
2022-08-29,4.349937227385201,4.566742775712056
2022-08-30,4.250907206418088,4.457244091865329
2022-08-31,4.197618174923257,4.43916369640519
2022-09-01,4.190586780249443,4.418514194993512
2022-09-02,4.215685276966447,4.447127774862407
2022-09-03,4.092527054636196,4.31258735941411
2022-09-04,4.070655422691449,4.324019415365983
2022-09-05,4.105432454549094,4.3100263841877595
2022-09-06,4.177350770395523,4.40034349319318
2022-09-07,4.3053293652462346,4.522693180743731
2022-09-08,4.313225874424945,4.579038353623887
2022-09-09,4.133624684294428,4.37067535475187
2022-09-10,3.9367227660620934,4.1556279230352695
2022-09-11,3.8075816040187425,4.0106288530211485
2022-09-12,3.583011346107039,3.8453957823910887
2022-09-13,3.5177154189666284,3.7459393328895785
2022-09-14,3.3658402949385198,3.6447966719332494
2022-09-15,3.1942849225807746,3.4965177566956314
2022-09-16,3.1639937925595225,3.363433421871842
2022-09-17,3.0081348892673816,3.288559871446389
2022-09-18,3.0429400757485165,3.277490276450034
2022-09-19,2.865301050913166,3.060381411714538
2022-09-20,2.8919135604212864,3.084008812762599
2022-09-21,2.8364299536927886,3.0562895706568174
2022-09-22,2.8502089577829524,3.0982332438803857
2022-09-23,2.685021158364322,2.983640304098958
2022-09-24,2.7749574561250534,3.0158290195806257
2022-09-25,2.820683194946813,3.006029490451755
2022-09-26,2.6375268668977396,2.863166904019638
2022-09-27,2.831226159762671,3.0023329387930655
2022-09-28,2.8302183657340203,3.0541737495064383
2022-09-29,2.7667528534419636,3.0178667579320537
2022-09-30,2.7092133096632582,2.9090229466317763
2022-10-01,2.7237948289901683,2.905163007216667
2022-10-02,2.7400562703420253,2.9964121099866676
2022-10-03,2.607411867880577,2.826681680604648
2022-10-04,2.672367369768873,2.9535734467834467
2022-10-05,2.6861726937500596,2.9407850151053183
2022-10-06,2.5791874968585025,2.7463516495759857
2022-10-07,2.392025480567286,2.630958830887333
2022-10-08,2.418583457388803,2.6096199464605463
2022-10-09,2.4859353678650606,2.6703951750247445
2022-10-10,2.2379922901744678,2.4185845404847903
2022-10-11,2.4177133499611534,2.623194830972944
2022-10-12,2.321227578498775,2.5872875085516305
2022-10-13,2.2114029908919464,2.400640631479998
2022-10-14,2.1205868366784855,2.278892662753821
2022-10-15,2.147445606405856,2.3207254339708716
2022-10-16,2.2976779341691644,2.5340227579051766
2022-10-17,2.0051100577519274,2.219675408188134
2022-10-18,2.345323850408632,2.5416856154231557
2022-10-19,2.295168290858116,2.4680347126720394
2022-10-20,2.2393362922635927,2.4510985455513628
2022-10-21,2.1554902554045627,2.3473085305153267
2022-10-22,2.3235844372816685,2.5549300227822322
2022-10-23,2.475084868237663,2.687324754119532
2022-10-24,2.227062685873985,2.4546984347350715
2022-10-25,2.52320917033684,2.778612956878765
2022-10-26,2.476000940339776,2.739802568411643
2022-10-27,2.4037247880700736,2.6237089102227915
2022-10-28,2.3777048835394714,2.6066277618108677
2022-10-29,2.4083269419668523,2.6488289308564554
2022-10-30,2.5868466007754374,2.803825871630902
2022-10-31,2.3270325639479794,2.5561181298413187
2022-11-01,2.5988570416919665,2.746283365418212
2022-11-02,2.546676339603193,2.762448933116482
2022-11-03,2.3958650624100617,2.6219577096743176
2022-11-04,2.2343567096191235,2.4765836106038734
2022-11-05,2.233724765149737,2.5231351897170144
2022-11-06,2.387875388868491,2.58206839632263
2022-11-07,2.126355792616697,2.3363128305246423
2022-11-08,2.1850726449154396,2.4904350709694882
2022-11-09,2.206272993571696,2.34388548289846
2022-11-10,1.9833977948445982,2.1955803974591253
2022-11-11,1.858761763584994,2.0292649760255923
2022-11-12,1.8706963664184757,2.028713968004787
2022-11-13,2.021046716776768,2.1984490555722314
2022-11-14,2.7053091537296736,2.909597987102252
2022-11-15,2.5744958745055717,2.872779572973068
2022-11-16,1.8991148029540823,2.197789782628425
2022-11-17,1.9188031167916564,2.114158108681782
2022-11-18,0.5824479832374657,0.7572554761166478
2022-11-19,1.8983540043047786,2.0728216289180894
2022-11-20,1.9806932384005906,2.164698922389676
